{"warszawa ochota": [52.22554663399867, 20.989786751231804], "warszawa powi\u015ble": [52.23330824744124, 21.026448539314025], "warszawa stadion": [52.24615163736464, 21.04447145650656], "gda\u0144sk politechnika": [54.37448736289704, 18.626886212469987], "gda\u0144sk stocznia": [54.364852891575815, 18.64162082411324], "gda\u0144sk zaspa": [54.39189224600255, 18.590668426806022], "gda\u0144sk przymorze-uniwersytet": [54.40090608931694, 18.57689330452628], "sopot wy\u015bcigi": [54.43096078855212, 18.565436827816196], "gda\u0144sk \u017cabianka-awfis": [54.420663923317925, 18.56844480452754], "sopot kamienny potok": [54.457550691334404, 18.553591024119495], "gdynia red\u0142owo": [54.49157174072401, 18.538453812477833], "gdynia wzg\u00f3rze \u015bw.maksymiliana": [54.50811265343659, 18.535506424122943], "katowice piotrowice": [50.213856762331794, 18.97140538706005], "gdynia leszczynki": [54.54141183204659, 18.47813769713875], "gdynia stocznia-uniwersytet morski": [54.525853830620385, 18.519135094739987], "gdynia cisowa": [54.55019497983757, 18.445403852961352], "wejherowo-nanice": [54.60389440454935, 18.24874710084148], "rumia janowo": [54.5590768043962, 18.405771468304344], "wejherowo \u015bmiechowo": [54.60231307800671, 18.27485921008756], "gda\u0144sk oliwa": [54.40995236452583, 18.571816352951874], "warszawa \u015br\u00f3dmie\u015bcie": [52.228964985738074, 21.00302228616379], "reda pieleszewo": [54.60284473524504, 18.317672997142957], "piast\u00f3w": [52.18274206872292, 20.842628539310763], "warszawa ursus nied\u017awiadek": [52.19165782057896, 20.86974236944766], "warszawa ursus": [52.196391196697626, 20.884311944463292], "warszawa s\u0142u\u017cewiec": [52.18034968848375, 20.98731168903624], "\u015bwider": [52.12139870898538, 21.251272696977974], "j\u00f3zef\u00f3w": [52.13639434629432, 21.236466625814458], "michalin": [52.14849190517281, 21.224232523966034], "warszawa miedzeszyn": [52.17300071242772, 21.199816981638882], "warszawa rado\u015b\u0107": [52.18604491628996, 21.186809339310923], "katowice bryn\u00f3w": [50.24431163910127, 18.98319576617191], "katowice szopienice po\u0142udniowe": [50.25896963929434, 19.092149391310002], "warszawa mi\u0119dzylesie": [52.20420126763813, 21.168721694680563], "warszawa anin": [52.21296782883813, 21.159905939312804], "warszawa goc\u0142awek": [52.23697654229566, 21.13562708164314], "warszawa olszynka grochowska": [52.249745393100625, 21.106894839315117], "wroc\u0142aw miko\u0142aj\u00f3w": [51.11533125764548, 16.99820273184451], "jasionna \u0142owicka": [52.124593624245826, 20.123626352800105], "k\u0119szyce": [52.13822338704833, 20.147849064444983], "nowa sucha": [52.15815683606495, 20.167066355619898], "kornelin": [52.182943393672595, 20.206109693283473], "mys\u0142ak\u00f3w": [52.09216273308975, 20.014635829409727], "warszawa zachodnia peron 9": [52.22206504881521, 20.96136918173398], "tychy lodowisko": [50.10794472287606, 19.000068585841852], "piasecznica": [52.21000428440808, 20.343766624233822], "wroc\u0142aw stadion": [51.137161371731445, 16.94052603749763], "gda\u0144sk \u015br\u00f3dmie\u015bcie": [54.34611398000503, 18.64417707262767], "busko-zdr\u00f3j": [50.46184802994265, 20.685946941343797], "\u0142\u00f3d\u017a olech\u00f3w \u0142oc": [51.729100805222494, 19.572940840022564], "warszawa groch\u00f3w": [52.257396303512664, 21.07826140820668], "kielce": [50.87430327141941, 20.61810801815472], "mezimesti": [50.62633050218276, 16.242812395136905], "bohumin vrbice": [49.88119175840591, 18.321712253426664], "zator": [50.00216732763411, 19.429578777176758], "tantow": [53.27063730472869, 14.349695564621028], "loecknitz": [53.456219434547194, 14.215198865570851], "bohumin": [49.901024544964564, 18.35934950064783], "wo\u0142omin s\u0142oneczna": [52.354361623396095, 21.25600868705159], "frankfurt/oder": [52.337145683379916, 14.54598504905191], "lichkov": [50.09718466189737, 16.658239404890207], "\u015bwinouj\u015bcie port": [53.90174388090549, 14.260569367844056], "forst lausitz": [51.738921258953, 14.63741072219243], "jagodin": [51.19835730624239, 23.895416297360295], "bystrzyca k\u0142odzka przedmie\u015bcie": [50.2855574, 16.6469871], "opoczno": [51.3728629, 20.2715067], "\u0142owicz przedmie\u015bcie": [52.093053, 19.9466922], "nasielsk": [52.5728113, 20.7680833], "k\u0142odawa": [52.2273855, 18.8905808], "pilawa": [51.9559631, 21.5333322], "kalisz": [51.742827, 18.0713653], "warszawa lotnisko chopina": [52.1696272, 20.9752099], "hel": [54.6110402, 18.8008848], "\u0142\u00f3d\u017a widzew": [51.7631038, 19.5438083], "chojnice": [53.6890673, 17.5777493], "odolan\u00f3w": [51.574591, 17.6677164], "\u015bwinouj\u015bcie": [53.9044446, 14.2660228], "warszawa w\u0142ochy": [52.206084, 20.9145689], "\u017cyrard\u00f3w": [52.0524718, 20.4489753], "s\u0142upsk": [54.4678168, 17.0163242], "pionki": [51.479776, 21.462028], "kolbuszowa": [50.2454136, 21.7850466], "leszno": [51.845967, 16.5654713], "grudzi\u0105dz": [53.4819767, 18.7615467], "rumia": [54.5691391, 18.3866641], "reda": [54.59495, 18.353264], "piwniczna": [49.4316718, 20.7177333], "skawina": [49.9773831, 19.8231533], "zag\u00f3rz": [49.5134532, 22.2643414], "mi\u0119dzylesie": [50.1445089, 16.6549882], "skocz\u00f3w": [49.7933641, 18.7899718], "zawiercie": [50.481009, 19.4231231], "gdynia g\u0142\u00f3wna": [54.5216208, 18.5274712], "s\u0119dzisz\u00f3w": [50.5658817, 20.0548996], "cieszyn": [49.7512354, 18.636478], "k\u0119pno": [51.2918345, 18.0009731], "wo\u0142\u00f3w": [51.3339266, 16.6328844], "o\u015bwi\u0119cim": [50.0417378, 19.1999186], "bytom": [50.3428344, 18.9121893], "trzebnica": [51.3040435, 17.0632874], "zielona g\u00f3ra g\u0142\u00f3wna": [51.9474642, 15.5132122], "s\u0142awk\u00f3w": [50.2949248, 19.3746476], "katowice": [50.2576071, 19.0171456], "siechnice": [51.0382566, 17.1425423], "teresin niepokalan\u00f3w": [52.2022073, 20.4163976], "rawicz": [51.6092497, 16.839439], "bydgoszcz wsch\u00f3d": [53.1278962, 18.0838582], "opole wschodnie": [50.6743766, 17.9345119], "l\u0119bork": [54.5336204, 17.7502364], "czeremcha": [52.5187507, 23.3535138], "krynica-zdr\u00f3j": [49.4096311, 20.9571479], "\u017cywiec": [49.6791207, 19.1856696], "mi\u0144sk mazowiecki": [52.1759715, 21.5525422], "ostro\u0142\u0119ka": [53.0561608, 21.6171129], "kalisz pomorski": [53.2776751, 15.8809412], "\u0142uk\u00f3w": [51.9404823, 22.3928588], "medyka": [49.8026712, 22.9398209], "zgierz p\u00f3\u0142noc": [51.8691546, 19.3837488], "w\u0142oc\u0142awek": [52.6532538, 19.0587525], "tarn\u00f3w": [50.0053772, 20.9748532], "\u0142\u00f3d\u017a chojny": [51.7264089, 19.4841953], "\u0142\u00f3d\u017a fabryczna": [51.7695536, 19.4696108], "bielsko-bia\u0142a g\u0142\u00f3wna": [49.8298605, 19.0453155], "bochnia": [49.9772876, 20.4315085], "w\u0105growiec": [52.809638, 17.203482], "kutno": [52.2270739, 19.3481878], "lubin": [51.3957796, 16.1934358], "p\u0142ock": [52.5527316, 19.7126913], "wieliszew": [52.4281967, 20.9747536], "m\u0142awa": [53.1261389, 20.3509135], "pier\u015bciec": [49.8304442, 18.8133522], "legnica": [51.2140928, 16.1696549], "piaseczno": [52.0665292, 21.0172915], "orzesze": [50.1543853, 18.7776893], "sobolew": [51.7416616, 21.6724904], "sm\u0119towo": [53.747959, 18.6858934], "czersk": [53.8007219, 17.970593], "radzymin": [52.4242892, 21.1774357], "gda\u0144sk osowa": [54.4222198, 18.4526329], "nowy bieru\u0144": [50.0729534, 19.1855382], "grodzisk wielkopolski": [52.2304733, 16.363892], "opole g\u0142\u00f3wne": [50.6616475, 17.9272072], "zgorzelec": [51.1401724, 15.0030407], "nak\u0142o nad noteci\u0105": [53.1425732, 17.6071952], "zebrzydowice": [49.8704685, 18.6231775], "luba\u0144 \u015bl\u0105ski": [51.1113578, 15.2935413], "wyrzysk osiek": [53.1191729, 17.2950517], "szczecinek": [53.6938225, 16.7055139], "ko\u0142o": [52.2110194, 18.6320872], "przemy\u015bl g\u0142\u00f3wny": [49.7837223, 22.7778447], "kluczbork": [50.9710826, 18.201009], "terespol": [52.0740979, 23.6013781], "trzebinia": [50.1540182, 19.4531632],